{
  "robots": {
      "Scout": {
        "robotType": "Scout",
        "maxShieldValue": 10,
        "maxAmmo": 17,
        "visibility": 6
      },
      "Sniper": {
        "robotType": "Sniper",
        "maxShieldValue": 5,
        "maxAmmo": 10,
        "visibility" : 4
      },
      "Tank": {
        "robotType": "Tank",
        "maxShieldValue": 3,
        "maxAmmo": 7,
        "visibility" : 4
      },
      "Infiltrator": {
        "robotType": "Infiltrator",
        "maxShieldValue": 10,
        "maxAmmo": 17,
        "visibility" : 4
      },
      "Engineer": {
        "robotType": "Engineer",
        "maxShieldValue": 10,
        "maxAmmo": 17,
        "visibility" : 4
      }
  }
}